country,subdivision,type,million_60kgs_bag,year,nonbear_mill_trees,bear_mill_trees,nonbear_thous_hect,bear_thous_hect,trees_hect_bear,trees_hect_nonbear,avg_unemp_perc
Brazil,Minas Gerais,Arabica,16.2,2002,1500,4465,495,2120,2106,3030,
Brazil,Espirito Santo,Arabica,2.2,2002,1500,4465,495,2120,2106,3030,
Brazil,Espirito Santo,Robusta,7.5,2002,1500,4465,495,2120,2106,3030,
Brazil,Sao Paulo,Arabica,3.2,2002,1500,4465,495,2120,2106,3030,
Brazil,Parana,Arabica,0.5,2002,1500,4465,495,2120,2106,3030,6.95
Brazil,Minas Gerais,Arabica,26.7,2003,1125,5265,315,2360,2231,3577,
Brazil,Espirito Santo,Arabica,3,2003,1125,5265,315,2360,2231,3577,
Brazil,Espirito Santo,Robusta,8.5,2003,1125,5265,315,2360,2231,3577,
Brazil,Sao Paulo,Arabica,5.9,2003,1125,5265,315,2360,2231,3577,
Brazil,Parana,Arabica,2.6,2003,1125,5265,315,2360,2231,3577,7.16
Brazil,Minas Gerais,Arabica,14.4,2004,631,5050,205,2174,2323,3075,
Brazil,Espirito Santo,Arabica,1.7,2004,631,5050,205,2174,2323,3075,
Brazil,Espirito Santo,Robusta,6.2,2004,631,5050,205,2174,2323,3075,
Brazil,Sao Paulo,Arabica,3.1,2004,631,5050,205,2174,2323,3075,
Brazil,Parana,Arabica,2.2,2004,631,5050,205,2174,2323,3075,6.15
Brazil,Minas Gerais,Arabica,21.4,2005,466,5255,148,2305,2280,3149,
Brazil,Espirito Santo,Arabica,2.5,2005,466,5255,148,2305,2280,3149,
Brazil,Espirito Santo,Robusta,5.6,2005,466,5255,148,2305,2280,3149,
Brazil,Sao Paulo,Arabica,4.9,2005,466,5255,148,2305,2280,3149,
Brazil,Parana,Arabica,2.6,2005,466,5255,148,2305,2280,3149,6.71
Brazil,Minas Gerais,Arabica,16.3,2006,581,5330,175,2298,2319,3320,
Brazil,Espirito Santo,Arabica,2.2,2006,581,5330,175,2298,2319,3320,
Brazil,Espirito Santo,Robusta,6.2,2006,581,5330,175,2298,2319,3320,
Brazil,Sao Paulo,Arabica,3.3,2006,581,5330,175,2298,2319,3320,
Brazil,Parana,Arabica,1.8,2006,581,5330,175,2298,2319,3320,6.53
Brazil,Minas Gerais,Arabica,23.7,2007,563,5730,186,2245,2552,3030,
Brazil,Espirito Santo,Arabica,2.2,2007,563,5730,186,2245,2552,3030,
Brazil,Espirito Santo,Robusta,7.8,2007,563,5730,186,2245,2552,3030,
Brazil,Sao Paulo,Arabica,4.9,2007,563,5730,186,2245,2552,3030,
Brazil,Parana,Arabica,2.5,2007,563,5730,186,2245,2552,3030,5.91
Brazil,Minas Gerais,Arabica,16.85,2008,679,5720,196,2235,2559,3468,
Brazil,Espirito Santo,Arabica,2.2,2008,679,5720,196,2235,2559,3468,
Brazil,Espirito Santo,Robusta,8.2,2008,679,5720,196,2235,2559,3468,
Brazil,Sao Paulo,Arabica,3.1,2008,679,5720,196,2235,2559,3468,
Brazil,Parana,Arabica,1.95,2008,679,5720,196,2235,2559,3468,4.59
Brazil,Minas Gerais,Arabica,25.55,2009,663,5770,188,2223,2596,3527,
Brazil,Espirito Santo,Arabica,2.8,2009,663,5770,188,2223,2596,3527,
Brazil,Espirito Santo,Robusta,9,2009,663,5770,188,2223,2596,3527,
Brazil,Sao Paulo,Arabica,4.85,2009,663,5770,188,2223,2596,3527,
Brazil,Parana,Arabica,2.5,2009,663,5770,188,2223,2596,3527,
Brazil,Minas Gerais,Arabica,22.1,2010,873,5725,244,2151,2662,3578,
Brazil,Espirito Santo,Arabica,2.4,2010,873,5725,244,2151,2662,3578,
Brazil,Espirito Santo,Robusta,8.2,2010,873,5725,244,2151,2662,3578,
Brazil,Sao Paulo,Arabica,4.2,2010,873,5725,244,2151,2662,3578,
Brazil,Parana,Arabica,1.9,2010,873,5725,244,2151,2662,3578,
Brazil,Minas Gerais,Arabica,28.5,2011,815,5820,234,2175,2676,3483,
Brazil,Espirito Santo,Arabica,3.1,2011,815,5820,234,2175,2676,3483,
Brazil,Espirito Santo,Robusta,8.4,2011,815,5820,234,2175,2676,3483,
Brazil,Sao Paulo,Arabica,5,2011,815,5820,234,2175,2676,3483,
Brazil,Parana,Arabica,2.4,2011,815,5820,234,2175,2676,3483,
Brazil,Minas Gerais,Arabica,23.5,2012,835,5760,260,2150,2679,3212,6.975
Brazil,Espirito Santo,Arabica,2.7,2012,835,5760,260,2150,2679,3212,7.125
Brazil,Espirito Santo,Robusta,10.8,2012,835,5760,260,2150,2679,3212,7.125
Brazil,Sao Paulo,Arabica,4.1,2012,835,5760,260,2150,2679,3212,7.275
Brazil,Parana,Arabica,1.9,2012,835,5760,260,2150,2679,3212,5.025
Brazil,Minas Gerais,Arabica,28.5,2013,1000,5860,282,2105,2784,3546,6.65
Brazil,Espirito Santo,Arabica,3,2013,1000,5860,282,2105,2784,3546,7.15
Brazil,Espirito Santo,Robusta,11.8,2013,1000,5860,282,2105,2784,3546,7.15
Brazil,Sao Paulo,Arabica,5.4,2013,1000,5860,282,2105,2784,3546,7.325
Brazil,Parana,Arabica,1.8,2013,1000,5860,282,2105,2784,3546,4.4
Brazil,Minas Gerais,Arabica,29.4,2014,1055,5810,307,2135,2721,3436,6.8
Brazil,Minas Gerais,Arabica,29.4,2014,1055,5810,307,2135,2721,3436,6.8
Brazil,Espirito Santo,Arabica,3.5,2014,1055,5810,307,2135,2721,3436,6.275
Brazil,Espirito Santo,Arabica,3.5,2014,1055,5810,307,2135,2721,3436,6.275
Brazil,Espirito Santo,Robusta,12.3,2014,1055,5810,307,2135,2721,3436,6.275
Brazil,Espirito Santo,Robusta,12.3,2014,1055,5810,307,2135,2721,3436,6.275
Brazil,Sao Paulo,Arabica,4.6,2014,1055,5810,307,2135,2721,3436,7.225
Brazil,Sao Paulo,Arabica,4.6,2014,1055,5810,307,2135,2721,3436,7.225
Brazil,Parana,Arabica,1.7,2014,1055,5810,307,2135,2721,3436,4.125
Brazil,Parana,Arabica,1.7,2014,1055,5810,307,2135,2721,3436,4.125
Brazil,Minas Gerais,Arabica,26,2015,1185,5770,347,2090,2761,3415,8.625
Brazil,Espirito Santo,Arabica,3.3,2015,1185,5770,347,2090,2761,3415,7.85
Brazil,Espirito Santo,Robusta,13.1,2015,1185,5770,347,2090,2761,3415,7.85
Brazil,Sao Paulo,Arabica,4.6,2015,1185,5770,347,2090,2761,3415,9.475
Brazil,Parana,Arabica,1,2015,1185,5770,347,2090,2761,3415,5.925
Brazil,Minas Gerais,Arabica,25.3,2016,1125,5735,340,2070,2771,3309,11.2
Brazil,Espirito Santo,Arabica,3.1,2016,1125,5735,340,2070,2771,3309,12.375
Brazil,Espirito Santo,Robusta,9.9,2016,1125,5735,340,2070,2771,3309,12.375
Brazil,Sao Paulo,Arabica,4.3,2016,1125,5735,340,2070,2771,3309,12.45
Brazil,Parana,Arabica,1.2,2016,1125,5735,340,2070,2771,3309,8.3
Brazil,Minas Gerais,Arabica,32.5,2017,1300,5640,380,2020,2792,3421,12.25
Brazil,Espirito Santo,Arabica,3.8,2017,1300,5640,380,2020,2792,3421,13.275
Brazil,Espirito Santo,Robusta,6.7,2017,1300,5640,380,2020,2792,3421,13.275
Brazil,Sao Paulo,Arabica,5.9,2017,1300,5640,380,2020,2792,3421,13.525
Brazil,Parana,Arabica,1.1,2017,1300,5640,380,2020,2792,3421,9.05
Brazil,Minas Gerais,Arabica,28.3,2018,,,,,,,10.775
Brazil,Espirito Santo,Arabica,3.3,2018,,,,,,,11.675
Brazil,Espirito Santo,Robusta,7.3,2018,,,,,,,11.675
Brazil,Sao Paulo,Arabica,4.3,2018,,,,,,,13.45
Brazil,Parana,Arabica,1.3,2018,,,,,,,8.85
Brazil,Minas Gerais,Arabica,34.2,2019,1150,5740,335,2060,2786,3433,10.1
Brazil,Espirito Santo,Arabica,4.7,2019,1150,5740,335,2060,2786,3433,11.1
Brazil,Espirito Santo,Robusta,10.9,2019,1150,5740,335,2060,2786,3433,11.1
Brazil,Sao Paulo,Arabica,6.5,2019,1150,5740,335,2060,2786,3433,12.55
Brazil,Parana,Arabica,1.2,2019,1150,5740,335,2060,2786,3433,8.65
Brazil,Minas Gerais,Arabica,29.1,2020,1230,5700,350,2040,2794,3514,12.75
Brazil,Espirito Santo,Arabica,3.9,2020,1230,5700,350,2040,2794,3514,12.875
Brazil,Espirito Santo,Robusta,12.9,2020,1230,5700,350,2040,2794,3514,12.875
Brazil,Sao Paulo,Arabica,5.4,2020,1230,5700,350,2040,2794,3514,14.1
Brazil,Parana,Arabica,1.1,2020,1230,5700,350,2040,2794,3514,9.55
Brazil,Minas Gerais,Arabica,34.8,2021,1050,6200,320,2100,2952,3281,11.65
Brazil,Espirito Santo,Arabica,4.8,2021,1050,6200,320,2100,2952,3281,11.125
Brazil,Espirito Santo,Robusta,14.3,2021,1050,6200,320,2100,2952,3281,11.125
Brazil,Sao Paulo,Arabica,6.4,2021,1050,6200,320,2100,2952,3281,13.425
Brazil,Parana,Arabica,1.1,2021,1050,6200,320,2100,2952,3281,8.35
Brazil,Minas Gerais,Arabica,24.5,2022,1500,6010,470,2010,2990,3191,7.15
Brazil,Espirito Santo,Arabica,3.7,2022,1500,6010,470,2010,2990,3191,7.925
Brazil,Espirito Santo,Robusta,15.7,2022,1500,6010,470,2010,2990,3191,7.925
Brazil,Sao Paulo,Arabica,4.6,2022,1500,6010,470,2010,2990,3191,9.075
Brazil,Parana,Arabica,1,2022,1500,6010,470,2010,2990,3191,5.825
Brazil,Minas Gerais,Arabica,28.5,2023,1510,6100,475,2020,3020,3179,
Brazil,Espirito Santo,Arabica,4.4,2023,1510,6100,475,2020,3020,3179,
Brazil,Espirito Santo,Robusta,16.6,2023,1510,6100,475,2020,3020,3179,
Brazil,Sao Paulo,Arabica,5.1,2023,1510,6100,475,2020,3020,3179,
Brazil,Parana,Arabica,0.8,2023,1510,6100,475,2020,3020,3179,
